id,title,link,image_link,product_type,condition,availability,description,price,brand,mpn,shipping,google_product_category
SACT31PM1,Service À Café Turc 31 Pièces M1,https://www.facebook.com/cakadoo,https://drive.google.com/uc?export=view&id=1tOylKKDdU-9uD5DKJm8e_6KAUWVtOOu1,Hardware > Building Materials > Glass,new,in stock,"Porcelaine et Bronze, Turc Composition: 6 Tasses en porcelaines, 6 sous-coupes, 6 Sous-Tasses, 6 Couvercles (2 pièces), 1 Support ",164,Cakado Brand,SACT31PM1,,Home & Garden
SCTM4,Service Café Turc M4,https://www.facebook.com/cakadoo,https://drive.google.com/uc?export=view&id=1iyC0heCjAOQboGwpgzk-ktPDxKT8zB5v,Hardware > Building Materials > Glass,new,in stock," Porcelaine et Bronze, Turc, Nombre de pièces: 7, Composition: 2 Tasses en porcelaines, 2 sous-coupes, 2 Couvercles, 1 SupportPorcelaine et Bronze, Turc, Nombre de pièces: 7, 2 Tasses en porcelaines, 2 sous-coupes, 2 Couvercles, 1 Support ",49,Cakado Brand,SACT31PM2,,Home & Garden
SACT31PM3,Service À Café Turc 31 Pièces M3,https://www.facebook.com/cakadoo,https://drive.google.com/uc?export=view&id=1tR5Lt2027ajyiyxQ70-IwU12jRRMIrts,Hardware > Building Materials > Glass,new,in stock,"Porcelaine et Bronze Turc, 6 Tasses en porcelaines, 6 sous-coupes, 6 Sous-Tasses, 6 Couvercles , 6 cuillères, 1 Support ",154,Cakado Brand,SACT31PM3,,Home & Garden
SACT31PM2,Service À Café Turc 31 Pièces M2,https://www.facebook.com/cakadoo,https://drive.google.com/uc?export=view&id=1XphdQrdSszxSIM770lqxafhSqqBiW10K,Hardware > Building Materials > Glass,new,in stock,"Composé de 6 tasses en porcelaine encastrées dans des sous-coupes en bronze, ce service de par sa beauté, saura apporter un peu plus de décoration à votre table. Assorti de 6 sous-tasses, de 6 sous-coupes, de 6 couvercles, de 6 cuillères et d'un support, il vous permet de déguster de nombreuses boissons telles que du café.",154,Cakado Brand,SACT31PM4,,Home & Garden
SCTAS37PBM2,Service Café Turque Avec Support 37 Pièces Bronze Motif 2,https://www.facebook.com/cakadoo,https://drive.google.com/uc?export=view&id=18FCXEj_vAB_-5ZniBhaW2AN-b_hjP6-H,Hardware > Building Materials > Glass,new,in stock,"Composé de 6 tasses en porcelaine encastrées dans des sous-coupes en bronze, ce service de par sa beauté, saura apporter un peu plus de décoration à votre table. Assorti de 6 sous-tasses, de 6 sous-coupes, de 6 couvercles et d'un support, il vous permet de déguster de nombreuses boissons telles que du café ou du thé.",154,Cakado Brand,SACT31PM5,,Home & Garden
SCTAS37PBM1,Service Café Turque Avec Support 37 Pièces Bronze Motif 1,https://www.facebook.com/cakadoo,https://drive.google.com/uc?export=view&id=1km9vQDZpCi5UgJnXJ-T5vFU0bG7bqbjZ,Hardware > Building Materials > Glass,new,in stock,"Porcelaine et Bronze Nombre de pièces: 37 Modèle : Turc, Composition: 6 Tasses en porcelaines, 6 sous coupes, 6 Sous Tasses, 6 Cuillères, 6 Couvercles (2 pièces ), 1 Support démontable Multi pièce( plateau + pot de sucre + support  Cuillère et  Sous Tasses )",154,Cakado Brand,SACT31PM6,,Home & Garden
LD6VAVBRIU305MI,"Lot De 6 Verres À Vin Bormioli Rocco Inalto Uno 305 Ml
",https://www.facebook.com/cakadoo,https://drive.google.com/uc?export=view&id=1TLd5n_v20qxrqKIXk9cV8Nt4cyxe43JO,Hardware > Building Materials > Glass,new,in stock,"Verres à vin Inalto Uno par Bormioli Rocco, Dimensions : Verre taille S : 20.5 cm x 7.5 cm,Fabriqués en « star glass » : un verre très transparent et 100 % recyclable,Contenance : Verre taille S : 305 ml,Peuvent être mis au lave-vaisselle",52,Cakado Brand,LD6VAVBRIU305MI,,Home & Garden
BLH29CS,Bonbonière Luxor H29Cm Cok Spain,https://www.facebook.com/cakadoo,https://drive.google.com/uc?export=view&id=17qnz-NcSPPmyYYfOwc-vpV8D4Wt4DSjL,Hardware > Building Materials > Glass,new,in stock,"COK,hauteur : 29cm,La jolie figurine apportera à coup sûr une ambiance incroyable à votre fête de vacances ou à toute autre célébration ,La tige et la base robustes donnent une forte adhérence et la font tenir debout.",29.5,Cakado Brand,BLH29CS,,Home & Garden
BMH33CS,"Bonboniere Menphis H33Cm Cok Spain
",https://www.facebook.com/cakadoo,https://drive.google.com/uc?export=view&id=14ztVaW8i9x9PDic7NA7fLpOlVgpkSXC5,Hardware > Building Materials > Glass,new,in stock,"COK,hauteur : 33Cm, Idéal pour une utilisation quotidienne et servir des invités lors d'occasions spéciales, ajoutant du style et de l'élégance à la composition de votre table",28.5,Cakado Brand,BMH33CS,,Home & Garden
SCTAS31PBM2,Service Café Turque Avec Support 31 Pièces Bronze Motif 2,https://www.facebook.com/cakadoo,https://drive.google.com/uc?export=view&id=18FCXEj_vAB_-5ZniBhaW2AN-b_hjP6-H,Hardware > Building Materials > Glass,new,in stock,"Composé de 6 tasses en porcelaine encastrées dans des sous-coupes en bronze, ce service de par sa beauté, saura apporter un peu plus de décoration à votre table. Assorti de 6 sous-tasses, de 6 sous-coupes, de 6 couvercles et d'un support, il vous permet de déguster de nombreuses boissons telles que du café ou du thé.","164,000",Cakado Brand,SCTAS31PBM2,,Home & Garden
SCTAS31PBM1,Service Café Turque Avec Support 31 Pièces Bronze Motif 1,https://www.facebook.com/cakadoo,https://drive.google.com/uc?export=view&id=1Xk6lRjS9Q1jfVQ0DLbCXCzWt0HwnmHla,Hardware > Building Materials > Glass,new,in stock,"Composé de 6 tasses en porcelaine encastrées dans des sous-coupes en bronze, ce service de par sa beauté, saura apporter un peu plus de décoration à votre table. Assorti de 6 sous-tasses, de 6 sous-coupes, de 6 couvercles et d'un support, il vous permet de déguster de nombreuses boissons telles que du café ou du thé.","164,000",Cakado Brand,SCTAS31PBM1,,Home & Garden
WSACD24CRE7C,Winox Sauteuse Avec Couvercle DIAMOND 24 Cm Résistance Extrême 7 Couches,https://www.facebook.com/cakadoo,https://drive.google.com/uc?export=view&id=1qpfZG9nyh_FbKm_1CHkkmdWiYyHoXwgk,Hardware > Building Materials > Glass,new,in stock,"Winox, Aluminium + téflon, Noir, 24 cm, 2  pièces, fabrication : Tunisie, Durable et résistante, 7 couches","39,000",Cakado Brand,WSACD24CRE7C,,Home & Garden
WPD30CDRE7C,Winox Poêle De 30 Cm Gamme DIAMOND Résistance Extrême 7 Couches,https://www.facebook.com/cakadoo,https://drive.google.com/uc?export=view&id=1FGwZQVMmOSKDzatVHi1BznicEPRdYEPv,Hardware > Building Materials > Glass,new,in stock,"Winox, Aluminium + téflon, Noir, 30 cm, fabrication : Tunisie, Durable et résistante, 7 couches","34,000",Cakado Brand,WPD30CDRE7C,,Home & Garden
WC26CGDRE7C,Winox Crêpière De 26 Cm Gamme DIAMOND - Résistance Extrême - 7 Couches,https://www.facebook.com/cakadoo,https://drive.google.com/uc?export=view&id=1q8k3U_UOAqCpRM_xtFeWkv0GYBCODSgD,Hardware > Building Materials > Glass,new,in stock,"Marque : Winox, Aluminium + téflon, Noir, Diamètre : 26 cm, fabrication : Tunisie, Durable et résistante, 7 couches","21,000",Cakado Brand,WC26CGDRE7C,,Home & Garden
WC26CSGSR7C,Winox Crêpière De 26 Cm Série GRANITE - Super Résistante - 7 Couches,https://www.facebook.com/cakadoo,https://drive.google.com/uc?export=view&id=1hTmAZdcbRCTu1_RLe2PqNcRtTzhG_CPE,Hardware > Building Materials > Glass,new,in stock,"Winox, Aluminium + téflon, Noir, Diamètre : 26 cm, fabrication : Tunisie, Durable et résistante, 7 couches","19,900",Cakado Brand,WC26CSGSR7C,,Home & Garden
WC26VAA6C,Winox Crêpière Ø26 VOLCANO Anti-Adhésive - 6 Couches,https://www.facebook.com/cakadoo,https://drive.google.com/uc?export=view&id=1aguvee-HWpYShWhbfdZjYo5Of46IQWpC,Hardware > Building Materials > Glass,new,in stock,"Winox, Téflon, Gris, Diamètre de poêle : 26 cm, fabrication : Tunisie, Durable et résistante, 6 couches","18,000",Cakado Brand,WC26VAA6C,,Home & Garden
WP30CG7CG,Winox Poêle Ø30 Cm Gamme GRANITE - 7 Couches - Gris,https://www.facebook.com/cakadoo,https://drive.google.com/uc?export=view&id=1aBmC18Sidx2gv-6mw1GzgI8CxO5HESUm,Hardware > Building Materials > Glass,new,in stock,"Winox, Aluminium culinaire ET téflon, Couleur : Gris, Diamètre : 30 cm, fabrication : Tunisie, Durable et super résistante, 7 couches","32,000",Cakado Brand,WP30CG7CG,,Home & Garden
WP26CSGSR7CG,Winox Poêlé Ø26 Cm Série GRANITE Super Résistante - 7 Couches - Gris,https://www.facebook.com/cakadoo,https://drive.google.com/uc?export=view&id=1AvBJBm-HcfAmT0aNrXaJg0N2dq4MiCX5,Hardware > Building Materials > Glass,new,in stock,"Winox, Aluminium culinaire ET téflon , Couleur : Gris, Diamètre : 26 cm, fabrication : Tunisie, Durable et super résistante, 7 couches","27,000",Cakado Brand,WP26CSGSR7CG,,Home & Garden
WP20SGSR7CG,Winox Poêle Ø20 Cm Série GRANITE Super Résistante - 7 Couches - Gris,https://www.facebook.com/cakadoo,https://drive.google.com/uc?export=view&id=1fvrb4vPIFB2mSUXiEIvdInoKCC2eXr7N,Hardware > Building Materials > Glass,new,in stock,"Winox, Aluminium culinaire ET téflon , Couleur : Gris, Diamètre : 20 cm , fabrication : Tunisie, Durable et super résistante, 7 couches","20,900",Cakado Brand,WP20SGSR7CG,,Home & Garden
WSAC18SV6CG,Winox Sauteuse Avec Couvercle Ø18 Série VOLCANO - 6 Couches - Gris,https://www.facebook.com/cakadoo,https://drive.google.com/uc?export=view&id=1BzLEk7xj1FCbjkzsUBZzY89EmNFKNO86,Hardware > Building Materials > Glass,new,in stock,"Winox, Aluminium culinaire ET téflon, Couleur : Gris, Diamètre  : 18 cm, Nombre de pièces : 2, fabrication : Tunisie, Durable et résistante, 6 couches
","24,900",Cakado Brand,WSAC18SV6CG,,Home & Garden
WP20V6CG,Winox Poêle Ø20 VOLCANO - 6 Couches - Gris,https://www.facebook.com/cakadoo,https://drive.google.com/uc?export=view&id=1nzx6KJV02uFwXD6QBg41nuh2U-lcUqn1,Hardware > Building Materials > Glass,new,in stock,"Winox, Téflon ET acier inoxydable, Couleur : Gris, Diamètre de poêle : 20 cm, fabrication : Tunisie, Durable et résistante, 6 couches","13,900",Cakado Brand,WP20V6CG,,Home & Garden
TSC24CAA5C,Tem Sauteuse CIELO -24 Cm - Anti-Adhésive - 5 Couches,https://www.facebook.com/cakadoo,https://drive.google.com/uc?export=view&id=1CbCDaLZa5OBFbEnfMagHmp5kT7r8rFok,Hardware > Building Materials > Glass,new,in stock,"Tem, Acier inoxydable, Couleur : Gris, Diamètre : 24 cm , fabrication : Italie, 5 couches anti-adhésives, Certifié pour éco labe","34,500",Cakado Brand,TSC24CAA5C,,Home & Garden
TCC16AA5C,Tem Casserole CIELO De 16 Cm - Anti-Adhésive - 5 Couches,https://www.facebook.com/cakadoo,https://drive.google.com/uc?export=view&id=1fb9lagAQgzLwxLkiQdcjocMhW-XieMXH,Hardware > Building Materials > Glass,new,in stock,"Marque : Tem, Aluminium culinaire, Gris, fabrication : Italie, Diamètre : 16 cm, 5 couches anti-adhésives, Certifié pour éco label","15,500",Cakado Brand,TCC16AA5C,,Home & Garden
PGEA28CO,Poêle Grill En Aluminium 28 Cm OLINA,https://www.facebook.com/cakadoo,https://drive.google.com/uc?export=view&id=15EhjYtfNe6vC7i90W66R6adnc8-RgWLP,Hardware > Building Materials > Glass,new,in stock,"OLINA, Aluminium, Diamètre : 28 cm, Hauteur: 4.5cm, Poignées en: Bakelite, Couleur : Beige, fabrication: Chine","38,000",Cakado Brand,PGEA28CO,,Home & Garden
CD6VATS,"Coffret De 6 Verres À Thé Sylvana
",https://www.facebook.com/cakadoo,https://drive.google.com/uc?export=view&id=1VE_L58v3iQxlELVWdpmfPAweA1IPMKdN,Hardware > Building Materials > Glass,new,in stock,"pasabahce, Capacité: 11 ml,Idéal avec toutes les ambiances de table, Résiste a la chaleur de votre thé, Verre de qualité",6,Cakado Brand,CD6VATS,,Home & Garden
CD6VL25CL,"Coffret De 6 Verres Luna - 25 Cl
",https://www.facebook.com/cakadoo,https://drive.google.com/uc?export=view&id=1ZMFc81BOWFA1PXpNg9oQOfQRCP3_J3QY,Hardware > Building Materials > Glass,new,in stock,"Coffret de 6 Verres Luna pasabahce, Capacité des Verres: 25 CL, Idéal pour toutes les ambiances de table, Verre de Qualité, Haute résistance contre les rayures et autres dommage Transparent, Design simple",11.8,Cakado Brand,CD6VL25CL,,Home & Garden
CAP,"Corbeille À Pain
",https://www.facebook.com/cakadoo,https://drive.google.com/uc?export=view&id=1lqkKGnRRl0B2EyOJaCGPxLx3GARYvn6z,Hardware > Building Materials > Glass,new,in stock,"GS Accessoire, Corbeille à pain Fabrication artisanale et Ecofriendly, Dimensions: hauteur 11 cm",3.5,Cakado Brand,CAP,,Home & Garden
CAFS,"Coupe À Fruits Stella
",https://www.facebook.com/cakadoo,https://drive.google.com/uc?export=view&id=1MUFisYjp3EywNcxjS8E1SurYRWNhp40a,Hardware > Building Materials > Glass,new,in stock,pasabahce,41,Cakado Brand,CAFS,,Home & Garden
PM06BLPS,Pack Multiple 06 Bocaux Le Parfait Super ,https://www.facebook.com/cakadoo,https://drive.google.com/uc?export=view&id=1B6l396-H7hfIKYwG20mod_SOgiM-yfLd,Hardware > Building Materials > Glass,new,in stock,"LE PARFAIT, Bocal Le Parfait Super 0,25L  Ø 70, Une Rondelle Offerte Avec Chaque Bocal, Les rondelles orange Le Parfait Super sont en caoutchouc 100% naturel, Elles présentent l’avantage de convenir parfaitement pour des préparations à base de fruits, légumes, viandes, poissons et plats cuisinés, Elle permettent une étanchéité parfaite pour une conservation longue durée.",50.5,Cakado Brand,PM06BLPS,,Home & Garden
PM03BLPS,"Pack Multiple 03 Bocaux Le Parfait Super
",https://www.facebook.com/cakadoo,https://drive.google.com/uc?export=view&id=1T_0zI2xPRyMbX9UnW3U4Ej22bZHiKGJY,Hardware > Building Materials > Glass,new,in stock,"Le Parfait, Bocal Le Parfait Super  0,5L  Ø 85, Une Rondelle Offerte Avec Chaque Bocal, Les rondelles orange Le Parfait Super sont en caoutchouc 100% naturel. Elles présentent l’avantage de convenir parfaitement pour des préparations à base de fruits, légumes, viandes, poissons et plats cuisinés. Elle permettent une étanchéité parfaite pour une conservation longue durée",27,Cakado Brand,PM03BLPS,,Home & Garden
BBDCBKS19,"Berry Balance De Cuisine Berry  - KS19
",https://www.facebook.com/cakadoo,https://drive.google.com/uc?export=view&id=1Es7By2V9Dat-pw0MZnICiGmL9bCuudj_,Hardware > Building Materials > Glass,new,in stock,"beurer, Balance de Cuisine Electrique BEURER Ecran LCD avec Touches Tactiles Graduation: 1g, Capacité de charge: 5 Kg fonction de pesée avec tare pratique, Ultra plate : seulement 16.5 mm de hauteur témoin de liquide, Taille des chiffres : 20 mm, Affichage en cas de surcharge Sélecteur g, oz, lb:oz, ml, fl.oz, Arrêt automatique Batterie: 1 pile CR 2032 de 3 V fournie, Dimensions: 20 x 14,5 x 1,65 cm",80,Cakado Brand,BBDCBKS19,,Home & Garden
ICBDCICKS19,"Ice Cream Balance De Cuisine Ice Cream  - KS19
",https://www.facebook.com/cakadoo,https://drive.google.com/uc?export=view&id=13lmucC2dImArC2rPy1u7r8h9Ajzz7PL7,Hardware > Building Materials > Glass,new,in stock,"beurer, Ecran: LCD avec Touches Tactiles, type: Electrique, Poids Max:5 Kg, Graduation: 1g, Ultra plate: seulement 16.5 mm de hauteur",80,Cakado Brand,ICBDCICKS19,,Home & Garden
LD3BAEVAC,Lot De 3 Bols Alimentaires En Verre Avec Couvercle,https://www.facebook.com/cakadoo,https://drive.google.com/uc?export=view&id=10RIAvRVwAjRaBcCeLcV1aa2HPLHEtbjA,Hardware > Building Materials > Glass,new,in stock,"Duralex, Verre trempé résistant aux chocs, Résistant aux chocs thermiques, Résistant aux lavages en lave-vaisselle, Adapté à l‘utilisation au micro-ondes, Adapté à l‘utilisation au congélateur, Verre hygiénique non poreux, Verre sûr non coupant, 100% Fabriqué en France",16.4,Cakado Brand,LD3BAEVAC,,Home & Garden
ld4ba,"Lot De 4 Bols Alimentaires
",https://www.facebook.com/cakadoo,https://drive.google.com/uc?export=view&id=1qXg_jHlRIdhO1ln0FpiQ9OUmskT1dJQ2,Hardware > Building Materials > Glass,new,in stock,"Duralex, Verre trempé résistant aux chocs, Résistant aux chocs thermiques, Résistant aux lavages en lave-vaisselle, Adapté à l‘utilisation au micro-ondes, Adapté à l‘utilisation au congélateurn, Verre hygiénique non poreux, Verre sûr non coupant, 100% Fabriqué en France",24,Cakado Brand,ld4ba,,Home & Garden
LD4VACA7CL,Lot de 4 verres à café amalfi 7 cl,https://www.facebook.com/cakadoo,https://drive.google.com/uc?export=view&id=1QRWvMp3orYDpqUKXk77ePw0vNJ43ADGO,Hardware > Building Materials > Glass,new,in stock,"Duralex, Dimensions:‎16 x 9 x 8 cm; 340 grammes",3.9,Cakado Brand,LD4VACA7CL,,Home & Garden
LD6VAJPA,Lot de 6 verres a jus pub abe,https://www.facebook.com/cakadoo,https://drive.google.com/uc?export=view&id=19q930slm46V7CTkMMcsxwdWONczOmRBJ,Hardware > Building Materials > Glass,new,in stock,pasabahce,11.8,Cakado Brand,LD6VAJPA,,Home & Garden
LD6VEVBRM43CL,lot de 6 verres en verre bormiol -rocco moyen 43 cl,https://www.facebook.com/cakadoo,https://drive.google.com/uc?export=view&id=18_qAJHSdLWiiiAvqjhn1-LGKV_pqyIpB,Hardware > Building Materials > Glass,new,in stock,"Lot de 6 Verres à vin - Bormioli Rocco Inalto Uno - 430 m, Verres à vin Inalto Uno par Bormioli Rocco, Dimensions : Verre taille M : 22 cm x 8.5 cm, Fabriqués en « star glass » : un verre très transparent et 100 % recyclable, Contenance : Verre taille M: 430 ml, Peuvent être mis au lave-vaisselle",59,Cakado Brand,LD6VEVBRM43CL,,Home & Garden
LD6VO205CL,Lot de 6 verres ola 205cl,https://www.facebook.com/cakadoo,https://drive.google.com/uc?export=view&id=1hcw_6BjJTTuSla3cw5nN--KduxbLJ_R6,Hardware > Building Materials > Glass,new,in stock,pasabahce,5,Cakado Brand,LD6VO205CL,,Home & Garden
LD12VRAVBBR425CL,Lot de 12 verres restaurant a vin blanc bormioli rocco 425-cl,https://www.facebook.com/cakadoo,https://drive.google.com/uc?export=view&id=1l5P2eNdbnSMqHFn4YeC5Xp9rZhGpvDrM,Hardware > Building Materials > Glass,new,in stock,"Bormioli , Fabriqués en « Star_Glass » : un verre très transparent et 100 % recyclable, Contenance : Verre 425 ml  15 oz, Dimensions: 8.89 x 8.89 x 21.59 cm, Peuvent être mis au lave-vaisselle",80,Cakado Brand,LD12VRAVBBR425CL,,Home & Garden
LD12VRAVRBR525CL,Lot de 12 verres restaurant a vin rouge bormioli rocco 525 cl,https://www.facebook.com/cakadoo,https://drive.google.com/uc?export=view&id=1VlSIcrhYyINnad1wjhUrBX58ioSdOefa,Hardware > Building Materials > Glass,new,in stock,"Bormioli, Fabriqués en « Star_Glass » : un verre très transparent et 100 % recyclable, Contenance : Verre  52 cl - 17 1/2 oz, Dimensions: h 225 mm - 8 3/4""  Ø 93 mm - 3 3/4"", Peuvent être mis au lave-vaisselle ",84,Cakado Brand,LD12VRAVRBR525CL,,Home & Garden
167221GRC021990-cons,Set 6 Verres Bormioli Rocco Barolo ii 48 Cl,https://www.facebook.com/cakadoo,https://drive.google.com/uc?export=view&id=1fSJ8Qx7NRUvMHVNS9rpc5K_-Os-5gofX,Hardware > Building Materials > Glass,new,in stock,"Lot de 6 Verres à Vin -Bormioli Rocco Barolo II - 480 ml, Fabriqués En « Star Glass » : Un Verre Très Transparent Et 100 % Recyclable Contenance : Verre  480 ml - 16 1/4 oz, Dimensions: h 15 mm - 7 3/4""  Ø 99 mm - 4"", Peuvent être Mis Au Lave-Vaisselle
Fabriqués en « star glass » : un verre très transparent et 100 % recyclable
Contenance : Verre  480 ml - 16 1/4 oz
Dimensions: h 195 mm - 7 3/4""  Ø 99 mm - 4""
Peuvent être mis au lave-vaisselle",48,Bormioli,167221GRC021990 - cons,,Home & Garden
126271GRC021990-cons,Set 6 Verres Bormioli Rocco Nebbiolo-ii 37 Cl,https://www.facebook.com/cakadoo,https://drive.google.com/uc?export=view&id=11etEkt3etijR3c34eWl3yDgnBPyXTI_w,Hardware > Building Materials > Glass,new,in stock,"Lot de  6  Verres à Vin -Bormioli Rocco Nebbiolo - 490 ml, Fabriqués En « Star_Glass » : Un verre Très Transparent Et 100 % Recyclable, Contenance : Verre  49 cl - 16 1/2 oz, Dimensions:  h 212 mm - 8 1/4""  Ø 67 mm - 2 3/4"", Peuvent être Mis Au Lave-Vaisselle",52.8,Bormioli,126271GRC021990-cons,,Home & Garden
BBMCR500R,Baya Broyeur - Multifonction - Chopper Rapide - 500 ml - Rose,https://www.facebook.com/cakadoo,https://tn.jumia.is/unsafe/fit-in/680x680/filters:fill(white)/product/96/5082/1.jpg?2661,Home & Garden > Kitchen & Dining >,NEW,IN STOCK,"Le hachoir est parfait pour trancher et mélanger des salades de légumes/fruits, couper divers aliments pour bébé, hacher des noix, des herbes, des légumes, de la viande etc..
Fonctionnant sans électricité, ce hachoir à main est idéal pour les petites cuisines, les véhicules de camping, les voyages, les pique-niques et le camping.",18,EOTIA ,BBMCR500R,,Home & Garden
HBAME7VB200G,"Hommer Batteur à main  électrique  7 vitesse  Blanc  200W Garantie 1an
",https://www.facebook.com/cakadoo,https://tn.jumia.is/unsafe/fit-in/680x680/filters:fill(white)/product/38/8363/2.jpg?9346,Home & Garden > Kitchen & Dining >,NEW,IN STOCK,"Mélangeur de main 200 W de la vitesse 7 de Cyber ​​avec 2 replis supplémentaires Batteurs en fer chromé ou crochets à pétrir Facile à nettoyer Bouton d'éjection pour un batteur facile à enlever et à nettoyer.

Puissance: 200 W
Matière des lames: Acier inoxydable",30,Cakado Brand,HBAME7VB200G,,Home & Garden
FEMBMACP,"Fouet Electrique  Mini Barboteur  Mousseur à Café Portable  Marron
",https://www.facebook.com/cakadoo,https://tn.jumia.is/unsafe/fit-in/680x680/filters:fill(white)/product/28/3013/1.jpg?8810,Home & Garden > Kitchen & Dining >,NEW,IN STOCK,"Couleur  Marron
Taille  20,5 * 3,5 * 2,5 cm 
Conseils d'utilisation:
1. Dès que la mousse de lait commence à se former, soulevez légèrement l'appareil pour qu'il soit toujours dans la couche de mousse.
2. Si vous souhaitez faire de la mousse de lait chaud, la température du lait ne doit pas dépasser 60 ℃/140 ℉, sinon le lait ne moussera pas parfaitement.
Matériel: acier inoxydable et plastique ABS
Alimentation: 2 * piles AA (non incluses)
Taille: 20,5 * 3,5 * 2,5 cm",20,Cakado Brand,FEMBMACP,,Home & Garden
HEA1EAPZGNGA,"Home Electronics Appareil 3 en 1 Panini–Zouza–Gaufre - Noir-Garantie 1 An
",https://www.facebook.com/cakadoo,https://tn.jumia.is/unsafe/fit-in/680x680/filters:fill(white)/product/86/0552/1.jpg?8926,Home & Garden > Kitchen & Dining >,NEW,IN STOCK,"PRINCIPALES CARACTÉRISTIQUES
Voltage : 220-240 v
Puissance : 800 W
3 plaques chauffantes échangeables
Garantie 1 An
Dimensions du plaque : 21.6 * 12 cm 
Contrôle automatique de la température ",80,Cakado Brand,HEA1EAPZGNGA,,Home & Garden
NDPMHMA3LI,"Nicer Dicer Plus Mini Hachoir Manuel A 3 Lames Inox Avec Corde
",https://www.facebook.com/cakadoo,https://tn.jumia.is/unsafe/fit-in/680x680/filters:fill(white)/product/04/098/1.jpg?6796,Home & Garden > Kitchen & Dining >,NEW,IN STOCK,"Mini Hachoir Manuel 
A 3 Lames Inox 
Pour Fruits & Légumes Ail Persil 
Avec Corde
Nettoyage facile
Capacité: 300ML
Poids:0.23kg",15,Cakado Brand,NDPMHMA3LI,,Home & Garden
MSPV380,"Mixeur Smoothie Portable Vert 380 ML
",https://www.facebook.com/cakadoo,https://tn.jumia.is/unsafe/fit-in/680x680/filters:fill(white)/product/24/5733/1.jpg?8307,Home & Garden > Kitchen & Dining >,NEW,IN STOCK,"Mélangeur à smoothie USB rechargeable

✔ Mélangeur personnel ; Volume : 380mL
✔ Corps durable
✔ Lame d'agitation en acier inoxydable
✔ Simple à utiliser, une seule touche
✔ Portable et pratique. Vous pouvez mélanger et boire dans la même bouteille.
✔ Permet de savourer vos smoothies aux fruits à tout moment et en tout lieu !
✔ Vous pouvez recharger avec votre ordinateur portable, votre power Bank et avec d'autres sources d'énergie grâce au connecteur USB
",40,Cakado Brand,MSPV380,,Home & Garden
SBAME7VH,"Scarlett Batteur à main électrique 7 vitesse HE133
",https://www.facebook.com/cakadoo,https://tn.jumia.is/unsafe/fit-in/680x680/filters:fill(white)/product/60/0863/1.jpg?5731,Home & Garden > Kitchen & Dining >,NEW,IN STOCK,"PRINCIPALES CARACTÉRISTIQUES
Mélangeur de main 260 W
 vitesse 7 de Cyber
 ​​avec 2 replis supplémentaires
Batteurs en fer chromé ou crochets à pétrir 
Facile à nettoyer Bouton d'éjection pour un batteur facile à enlever et à nettoyer",40,Cakado Brand,SBAME7VH,,Home & Garden
B2S1.5AME,"Blender 2 speed-1.5L  avec Moulin èpices
",https://www.facebook.com/cakadoo,https://tn.jumia.is/unsafe/fit-in/680x680/filters:fill(white)/product/06/2452/1.jpg?2508,Home & Garden > Kitchen & Dining >,NEW,IN STOCK,"Mixeur 2 en 1 galaxy naturel: Mixer tout type de fruits
Broyer les épices et les grains cafés …
4 Vitesse avec fonction pulse
Capacitéé : 1.5 L
Puissance : 400 W
Pot et boitier en plastique alimentaire gradué
4 Lame en acier inoxydable pour le mixeur
2 Lame en acier inoxydable pour le petit broyeur à épice
Garantie : 1 an",80,Cakado Brand,B2S1.5AME,,Home & Garden
HVMAVTR,"Hachoir verticale manuel avec couvercle et un tiroir Rouge
",https://www.facebook.com/cakadoo,https://tn.jumia.is/unsafe/fit-in/680x680/filters:fill(white)/product/45/2153/1.jpg?0541,Home & Garden > Kitchen & Dining >,NEW,IN STOCK,"PRINCIPALES CARACTÉRISTIQUES
Conception simple
Facile à nettoyer
Convivial
un grand tiroir
un couvercle transparent
Lame et accessoire en acier inoxydable ",17,Cakado Brand,HVMAVTR,,Home & Garden
RRE800G1,"Royal Résistance Électrique 800 W Garantie 1 an
",https://www.facebook.com/cakadoo,https://tn.jumia.is/unsafe/fit-in/680x680/filters:fill(white)/product/09/8682/1.jpg?0347,Home & Garden > Kitchen & Dining >,NEW,IN STOCK,"Tension d'alimentation :  220-230v 
Puissance : 800 W 
Protection contre le surchauffe 
Longueur du câble : 1 m
Model : Royal",25,Cakado Brand,RRE800G1,,Home & Garden
HAVTLEDF,"Hachoir À Viande Trancheur Légumes Et De Fromage
",https://www.facebook.com/cakadoo,https://tn.jumia.is/unsafe/fit-in/680x680/filters:fill(white)/product/80/7831/1.jpg?1407,Home & Garden > Kitchen & Dining >,NEW,IN STOCK,"Hachoir À viande
Matériel: de Haute Qualité en plastique et lame en acier inoxydable
Hachoir À viande Saucisse
Cuisson Condiments (ail cassé, cassé gingembre, cassé poivre, etc.)
Enfants de Machine de Nourriture (arachides cassées, pommes de terre en purée, etc.)",30,Cakado Brand,HAVTLEDF,,Home & Garden
MFMMHAV,"Multi Function Meat Mincer Hachoir à viande Numero 1
",https://www.facebook.com/cakadoo,https://tn.jumia.is/unsafe/fit-in/680x680/filters:fill(white)/product/72/5573/1.jpg?2164,Home & Garden > Kitchen & Dining >,NEW,IN STOCK,"hachoir à viande manuel Numero 12
toutes les pièces peuvent être facilement assemblées et démontées pour le nettoyage.
Nouveau design, peut vous aider à gagner du temps et des efforts pour faire du hachis, outil de hachoir parfait pour la fabrication de boulettes
Convient pour la cuisine à domicile, le restaurant, l'hôtel, la cantine et le boucher, e",48,Cakado Brand,MFMMHAV,,Home & Garden
LHRHHMV13,"Le hachoir rapide Hachoir Manuel à viande de Légumes Fruits 1300ML
",https://www.facebook.com/cakadoo,https://tn.jumia.is/unsafe/fit-in/680x680/filters:fill(white)/product/76/0573/1.jpg?5483,Home & Garden > Kitchen & Dining >,NEW,IN STOCK,"1. Robuste, écologique et sûr.
2. Poignée à bascule à économie de travail
3. Légumes de torsion de poignée incurvée humanisée
4. Plus d'économie de travail.
5. Trois vitesses, tordre les légumes est plus facile.",28,Cakado Brand,LHRHHMV13,,Home & Garden
AMHR500W ,"Arnica Mini Hachoir Rapid Plus 500W Made in Turkey GH21132
",https://www.facebook.com/cakadoo,https://tn.jumia.is/unsafe/fit-in/680x680/filters:fill(white)/product/71/5292/1.jpg?3548,Home & Garden > Kitchen & Dining >,NEW,IN STOCK,"Puissance : 500 W
Capacité de la trémie : 1300 ml
Lame principale du hachoir
Utilisation pratique
Lame supérieure supplémentaire • 
Protège-lame
Trémie transparente extra durable • 
Lame double couche en acier inoxydable
Bol hachoir",74,Cakado Brand,AMHR500W ,,Home & Garden
CL13PV,Coupe Légumes 13 Pièces  Vert,https://www.facebook.com/cakadoo,https://www.wamia.tn/pub/media/catalog/product/cache/0e2aad2f25ba8034d5168100ec88fb2c/9/1/910vpzmo8ql_1.jpg,Home & Garden > Kitchen & Dining >,NEW,IN STOCK,"1 x partie supérieure amovible avec fonction d'auto-nettoyage
1 x base de coupe
1 récipient de 1 500 ml avec mesures
1 x couvercle de conservation pour conteneur
1 x double lame pour couper des cubes de ¼ ”x ¼” ou ½ ”x ½”
1 x double lame pour couper des cubes de ”x” ou ¼ ”x 1 ½“
1 x double lame de calage (4 pièces ou 8 pièces)
1 x tampon de coupe pour la partie supérieure
1 x couvre-lame partiel
1 x trancheur avec protège-lame
1 x porte-aliments pour trancheur
1 x plus grand avec housse de protection",29,Cakado Brand,CL13PV,,Home & Garden
SD7AECA,"Set De 7 Pots À Épices En Céramique Avec Support En Bambou - 7 Pièces
",https://www.facebook.com/cakadoo,https://www.wamia.tn/pub/media/catalog/product/cache/0e2aad2f25ba8034d5168100ec88fb2c/a/b/ab4a4299_1.jpg,Home & Garden > Kitchen & Dining >,NEW,IN STOCK,"Multi-usages : Peut être utilisé pour contenir une variété de condiments : poivre, sucre, sel, épices, poudre de bouillon de poulet, amidon de maïs et plus.
Les bocaux condiments sont spécialement conçus pour la cuisson quotidienne, une élégante grille en bois de bambou rend tout bien organisé.
Matériau de haute qualité en porcelaine et en bambou et fabrication exquise.
",29,Cakado Brand,SD7AECA,,Home & Garden
HALVM1.5,"Hachoir À Légumes-Viande Manuel 1.5 L
",https://www.facebook.com/cakadoo,https://www.wamia.tn/pub/media/catalog/product/cache/0e2aad2f25ba8034d5168100ec88fb2c/a/b/ab4a5835_2.jpg,Home & Garden > Kitchen & Dining >,NEW,IN STOCK,"Couteau en acier inoxydable et corps en plastique alimentaire.
Parfait pour faire des salades rapides ou cuisine des légumes.
Utilisation manuelle et simple par tourner seulement la poignée résistante à l'usure , ne pas blesser les mains et ne pas nécessiter ni batterie ni électricité.
Il est idéal pour les petites cuisines, les maisons mobiles, Voyage et le camping, facile à transporter et à stocker.",17,Cakado Brand,HALVM1.5,,Home & Garden
WCACSM5S,"Winox Couscoussier Avec Couvercle Série MAGMA 5L Super Résistante 7 Couches
",https://www.facebook.com/cakadoo,https://www.wamia.tn/pub/media/catalog/product/cache/0e2aad2f25ba8034d5168100ec88fb2c/u/n/untitled-1_4_6.jpg,Home & Garden > Kitchen & Dining >,NEW,IN STOCK,"Marque : Winox
Matière : Aluminium + téflon
Couleur : Magma
Capacité : 5 L 
Nombre de pièces : 3
Pays de fabrication : Tunisie
Fabricant : Groupe Sopal
Durable et résistante
7 couches",82,Cakado Brand,WCACSM5S,,Home & Garden
WPA,Winox Faitout Avec Couvercle MAGMA 24 Cm   Super Résistante  7 Couches,https://www.facebook.com/cakadoo,https://www.wamia.tn/pub/media/catalog/product/cache/0e2aad2f25ba8034d5168100ec88fb2c/u/n/untitled-1_4_7.jpg,Home & Garden > Kitchen & Dining >,NEW,IN STOCK,"Marque : Winox
Matière : Aluminium + téflon
Couleur : Magma
Diamètre : 24 cm
Nombre de pièces : 2
Pays de fabrication : Tunisie
Fabricant : Groupe Sopal
Revêtement anti-adhésif 7 couches
Durable et résistante",54,Cakado Brand,WPA,,Home & Garden
WCACG,Winox Couscoussier Avec Couvercle Gamme GRANITE   5L   Super Résistante   7 Couches,https://www.facebook.com/cakadoo,https://www.wamia.tn/pub/media/catalog/product/cache/0e2aad2f25ba8034d5168100ec88fb2c/f/s/fsds.jpg,Home & Garden > Kitchen & Dining >,NEW,IN STOCK,"Marque : Winox
Matière : Acier inoxydable
Couleur : Gris
Pays de fabrication : Tunisie
Capacité : 5 L
Nombre de pièces : 3 
Fabricant : Groupe Sopal
Diamètre : 25 cm
7 couches anti-adhésives",84,Cakado Brand,WCACG,,Home & Garden
wfd24cac,"Winox Faitout De 24 Cm Avec Couvercle Série DIAMOND   Résistance Extrême   7 Couches
",https://www.facebook.com/cakadoo,https://www.wamia.tn/pub/media/catalog/product/cache/0e2aad2f25ba8034d5168100ec88fb2c/f/g/fgdfghd_2.jpg,Home & Garden > Kitchen & Dining >,NEW,IN STOCK,"Marque : Winox
Matière : Aluminium + téflon
Couleur : Noir
Diamètre : 24 cm
Nombre de pièces : 2 dont 1 faitout avec un couvercle en verre
Pays de fabrication : Tunisie
Fabricant : Groupe Sopal
Durable et résistante
7 couches",50,Cakado Brand,wfd24cac,,Home & Garden
387594GRC021990-cons,Riserva Cal Vini Bianchi Flore 06 S,https://www.facebook.com/cakadoo,https://drive.google.com/uc?export=view&id=1by8wOOTmLturLoHlKT1msYk7VERjuqBV,Home & Garden > Kitchen & Dining >,NEW,IN STOCK,"Fabriqués En « Star_Glass » : Un Verre Très Transparent Et 100 % Recyclable? Contenance : 39 cl - 13 1/4 oz? Dimensions:  h 205 mm - 8""  Ø 83 mm - 3 1/4""? Peuvent être Mis Au Lave-Vaisselle",58,Bormioli,387594GRC021990-cons,,Home & Garden
6192903101794-cons,Mijoteuse O 24 Couvercle En Verre,https://www.facebook.com/cakadoo,https://drive.google.com/uc?export=view&id=1bwsEJBykukG4v33KhWSMS6_QpdAJjZbE,Home & Garden > Kitchen & Dining >,NEW,IN STOCK,"Mijoteuse  Ø 24 + Couvercle En Verre, La Gamme Cook'Art Tendance Est Une Exclusivité Merkado. Élue ""Produit de l'année 2019"", La Gamme Cook'Art Tendance Vous Offre Un Confort D'utilisation Avec Ses Accessoires Ergonomique & Soft Touch",25,COOK'ART,6192903101794-cons,,Home & Garden
WFACG20,"Winox Faitout Avec Couvercle GRANITE  20 Cm Super Résistante  7 Couches
",https://www.facebook.com/cakadoo,https://www.wamia.tn/pub/media/catalog/product/cache/0e2aad2f25ba8034d5168100ec88fb2c/q/s/qss.jpg,Home & Garden > Kitchen & Dining >,NEW,IN STOCK,"Marque : Winox
Matière : Aluminium + téflon
Couleur : Gris
Diamètre : 20 cm
Nombre de pièces : 2
Pays de fabrication : Tunisie
Fabricant : Groupe Sopal
Durable et résistante
7 couches",41,Cakado Brand,WFACG20,,Home & Garden
WSACD24RE7C,Winox Sauteuse Avec Couvercle DIAMOND 24 Cm  Résistance Extrême 7 Couches,https://www.facebook.com/cakadoo,https://www.wamia.tn/pub/media/catalog/product/cache/0e2aad2f25ba8034d5168100ec88fb2c/u/n/untitled-1_1_31.jpg,Home & Garden > Kitchen & Dining >,NEW,IN STOCK,"Marque : Winox
Matière : Aluminium + téflon
Couleur : Noir
Diamètre : 24 cm
Nombre de pièces : 2
Pays de fabrication : Tunisie
Fabricant : Groupe Sopal
Durable et résistante
7 couches",39,Cakado Brand,WSACD24RE7C,,Home & Garden
WPD30CDR,"Winox Poêle De 30 Cm Gamme DIAMOND  Résistance Extrême 7 Couches
",https://www.facebook.com/cakadoo,https://www.wamia.tn/pub/media/catalog/product/cache/0e2aad2f25ba8034d5168100ec88fb2c/u/n/untitled-1_1_32.jpg,Home & Garden > Kitchen & Dining >,NEW,IN STOCK,"Marque : Winox
Matière : Aluminium + téflon
Couleur : Noir
Diamètre : 30 cm
Pays de fabrication : Tunisie
Fabricant : Groupe Sopal
Durable et résistante
7 couches",34,Cakado Brand,WPD30CDR,,Home & Garden
tpc24aa5,"Tem Poêle CIELO  24 Cm Anti-Adhésive  5 Couches
",https://www.facebook.com/cakadoo,https://www.wamia.tn/pub/media/catalog/product/cache/0e2aad2f25ba8034d5168100ec88fb2c/s/d/sdqsd.jpg,Home & Garden > Kitchen & Dining >,NEW,IN STOCK,"Marque : Tem
Matière : Acier inoxydable
Couleur : Gris
Diamètre : 24 cm 
Pays de fabrication : Italie
5 couches anti-adhésives
Certifié pour éco label",15.9,Cakado Brand,tpc24aa5,,Home & Garden
8414270050122,Mortier En Bois Gm 12cm,https://www.facebook.com/cakadoo,https://drive.google.com/uc?export=view&id=1mrDb5r9xFmrPxy3tOQjBkrXrOyyr0hTN,Home & Garden > Kitchen & Dining >,NEW,IN STOCK,"Mortier En Bois Avec Poignée 12 Cm Fabriqué En Espagne Avec Du Bois De Pin Haute Qualité Comprend La Main Convient Pour Un Usage Alimentaire Nettoyage Facile Dimensions: Diamètre Extérieur 12 Cm, Diamètre Intérieur Supérieur 9 Cm, Diamètre Inférieur 7,5 Cm, Hauteur 8,5 Cm Et Maillet 16x3,5 Cm.",19.6,Arteregal,8414270050122,,Home & Garden
8693357192782,Moule à Soufflet 18cm,https://www.facebook.com/cakadoo,https://drive.google.com/uc?export=view&id=1bEv9OqliQRSOazotTyLphJBCNumcgX6e,Home & Garden > Kitchen & Dining >,NEW,IN STOCK," Diamètre: 18 cm,",12.5,PASABAHCE,8693357192782,,Home & Garden
P14-NM-Cons,Plat à Tapas 14cm Noir Mat,https://www.facebook.com/cakadoo,https://drive.google.com/uc?export=view&id=1GE8f_3WfFK5Dv3QL-zvVQ_-gIF3CkU-c,Home & Garden > Kitchen & Dining >,NEW,IN STOCK," Céramique, Noir , Un Produit 100% Artisanal , Cuite à Une Température Plus De 1200 °C",16,2M STONEWARE,P14-NM-Cons,,Home & Garden
8034120760218,Poêle 30cm Promo Bleu Propad130w 12,https://www.facebook.com/cakadoo,https://drive.google.com/uc?export=view&id=1KeEL8n5rD2zOeJzgSd9XwwFwYcbD-vF,Home & Garden > Kitchen & Dining >,NEW,IN STOCK,"PENTAFLONn,Aluminium,Blue,30cm, 130w 12",34.9,PENTAFLON,8034120760218,,Home & Garden
GR1TOSCANAP4,"Poêle Anti-Adhésive - Capri- Revêtement Granit - 28 Cm
",https://www.facebook.com/cakadoo,https://drive.google.com/uc?export=view&id=1PQaLQHWyq_kwSOFmRxUYp353vlWtF2gX,Home & Garden > Kitchen & Dining >,NEW,IN STOCK,"Compatibilité Tous Feux, Compatibilité Lave-Vaisselle, Revêtement Granit Anti Adhésif, Made in Italie , Diamètre 28 cm, Garantie : 1 an",97.6,oscar distribution,GR1TOSCANAP4,,Home & Garden
8693357276888,"Saladier Gondola 17Cm
",https://www.facebook.com/cakadoo,https://drive.google.com/uc?export=view&id=1ZxtzWnDqLAZqmAbNdyh3R1pwdUn-KMrJ,Home & Garden > Kitchen & Dining >,NEW,IN STOCK,Diamètre: 17cm,4.2,PASABAHCE,8693357276888,,
,,https://www.facebook.com/cakadoo,,Home & Garden > Kitchen & Dining >,NEW,IN STOCK,,,,,,
,,https://www.facebook.com/cakadoo,,Home & Garden > Kitchen & Dining >,NEW,IN STOCK,,,,,,
,,https://www.facebook.com/cakadoo,,Home & Garden > Kitchen & Dining >,NEW,IN STOCK,,,,,,
,,https://www.facebook.com/cakadoo,,Home & Garden > Kitchen & Dining >,NEW,IN STOCK,,,,,,
,,https://www.facebook.com/cakadoo,,Home & Garden > Kitchen & Dining >,NEW,IN STOCK,,,,,,
,,https://www.facebook.com/cakadoo,,Home & Garden > Kitchen & Dining >,NEW,IN STOCK,,,,,,
,,https://www.facebook.com/cakadoo,,Home & Garden > Kitchen & Dining >,NEW,IN STOCK,,,,,,